CMTE_ID,IPTHREE_ID,IPTHREE_NAME,TRANSACTION_AMT,CAND_ID,CAND_NAME,PTY,Month,Day,Year,OFFICE
0,7,10.59.174,18919719,0,10.26.52.169,DEM,,,,S
0,62,10.59.146,654857,0,10.26.52.169,DEM,,,,S
0,1,10.59.21,8096,0,10.26.52.169,DEM,,,,S
0,0,10.59.212,143,0,10.26.52.169,DEM,,,,S
0,14,10.59.45,7169329890,1,10.59.45.180,DEM,,,,S
0,19,10.59.223,438855976,2,10.59.223.26,DEM,,,,S
0,24,10.59.137,41511558,2,10.59.223.26,DEM,,,,S
0,1,10.59.21,477094493,3,10.59.223.66,DEM,,,,S
0,24,10.59.137,3040122,3,10.59.223.66,DEM,,,,S
1,89,10.66.73,43241783,3,10.59.223.66,DEM,,,,S
1,97,10.66.129,3761885,3,10.59.223.66,DEM,,,,S
0,0,10.59.212,182737161,3,10.59.223.66,DEM,,,,S
1,41,10.66.92,4813646,3,10.59.223.66,DEM,,,,S
2,115,10.73.55,2151163,3,10.59.223.66,DEM,,,,S
1,153,10.66.190,1854370,3,10.59.223.66,DEM,,,,S
1,162,10.66.179,1110310,3,10.59.223.66,DEM,,,,S
0,19,10.59.223,17052,3,10.59.223.66,DEM,,,,S
1,80,10.66.193,591331,3,10.59.223.66,DEM,,,,S
1,8,10.66.146,1594967,3,10.59.223.66,DEM,,,,S
1,36,10.66.34,2967913,3,10.59.223.66,DEM,,,,S
1,2,10.66.245,0,3,10.59.223.66,DEM,,,,S
0,24,10.59.137,9738208,4,10.24.47.157,DEM,,,,S
1,8,10.66.146,1735499,5,10.59.81.213,DEM,,,,S
1,16,10.66.142,96991650,5,10.59.81.213,DEM,,,,S
1,21,10.66.26,1152880,5,10.59.81.213,DEM,,,,S
1,30,10.66.18,1406574,5,10.59.81.213,DEM,,,,S
1,31,10.66.38,241084,5,10.59.81.213,DEM,,,,S
4,13,10.97.171,17484435,5,10.59.81.213,DEM,,,,S
1,38,10.66.98,920373,5,10.59.81.213,DEM,,,,S
1,39,10.66.0,217294,5,10.59.81.213,DEM,,,,S
1,20,10.66.167,241669,5,10.59.81.213,DEM,,,,S
1,5,10.66.36,1108657,5,10.59.81.213,DEM,,,,S
9,50,10.93.0,2123595,5,10.59.81.213,DEM,,,,S
5,17,10.84.4,342541,5,10.59.81.213,DEM,,,,S
1,55,10.66.118,292320,5,10.59.81.213,DEM,,,,S
10,59,10.94.131,163629,5,10.59.81.213,DEM,,,,S
1,6,10.66.187,2284497,5,10.59.81.213,DEM,,,,S
6,49,10.78.244,1330524,5,10.59.81.213,DEM,,,,S
1,41,10.66.92,1267874,5,10.59.81.213,DEM,,,,S
1,4,10.66.115,1242428,5,10.59.81.213,DEM,,,,S
12,75,10.91.115,1009986,5,10.59.81.213,DEM,,,,S
1,73,10.66.208,826621,5,10.59.81.213,DEM,,,,S
1,18,10.66.131,1956293,5,10.59.81.213,DEM,,,,S
1,2,10.66.245,481534,5,10.59.81.213,DEM,,,,S
1,88,10.66.168,129896,5,10.59.81.213,DEM,,,,S
1,65,10.66.112,494906,5,10.59.81.213,DEM,,,,S
1,81,10.66.70,172754,5,10.59.81.213,DEM,,,,S
1,71,10.66.176,73182,5,10.59.81.213,DEM,,,,S
4,76,10.97.195,4345381,5,10.59.81.213,DEM,,,,S
11,69,10.92.167,81909,5,10.59.81.213,DEM,,,,S
9,79,10.93.31,7548437,5,10.59.81.213,DEM,,,,S
14,100,10.85.131,1607781,5,10.59.81.213,DEM,,,,S
1,101,10.66.86,984155,5,10.59.81.213,DEM,,,,S
1,9,10.66.4,658981,5,10.59.81.213,DEM,,,,S
1,29,10.66.185,893751,5,10.59.81.213,DEM,,,,S
1,44,10.66.47,827903,5,10.59.81.213,DEM,,,,S
1,113,10.66.54,733828,5,10.59.81.213,DEM,,,,S
1,11,10.66.148,427373,5,10.59.81.213,DEM,,,,S
1,63,10.66.21,714836,5,10.59.81.213,DEM,,,,S
1,28,10.66.249,479358,5,10.59.81.213,DEM,,,,S
14,122,10.85.54,13913,5,10.59.81.213,DEM,,,,S
1,36,10.66.34,788028,5,10.59.81.213,DEM,,,,S
1,67,10.66.63,739967,5,10.59.81.213,DEM,,,,S
1,37,10.66.10,882234,5,10.59.81.213,DEM,,,,S
1,95,10.66.207,1221911,5,10.59.81.213,DEM,,,,S
1,127,10.66.120,81645,5,10.59.81.213,DEM,,,,S
6,108,10.78.55,1475164,5,10.59.81.213,DEM,,,,S
1,106,10.66.191,302871,5,10.59.81.213,DEM,,,,S
12,129,10.91.31,512762,5,10.59.81.213,DEM,,,,S
15,144,10.79.97,14125,5,10.59.81.213,DEM,,,,S
6,46,10.78.175,2060835,5,10.59.81.213,DEM,,,,S
1,92,10.66.141,203536,5,10.59.81.213,DEM,,,,S
14,120,10.85.115,223351,5,10.59.81.213,DEM,,,,S
1,138,10.66.28,59170,5,10.59.81.213,DEM,,,,S
16,152,10.95.185,848391,5,10.59.81.213,DEM,,,,S
1,27,10.66.195,102626,5,10.59.81.213,DEM,,,,S
8,45,10.86.185,378021,5,10.59.81.213,DEM,,,,S
1,66,10.66.85,201109,5,10.59.81.213,DEM,,,,S
10,99,10.94.18,120781,5,10.59.81.213,DEM,,,,S
1,35,10.66.95,1356367,5,10.59.81.213,DEM,,,,S
1,53,10.66.12,480875,5,10.59.81.213,DEM,,,,S
6,26,10.78.46,538581,5,10.59.81.213,DEM,,,,S
3,165,10.64.146,2131565,5,10.59.81.213,DEM,,,,S
1,119,10.66.204,481300,5,10.59.81.213,DEM,,,,S
1,94,10.66.230,65890,5,10.59.81.213,DEM,,,,S
1,154,10.66.43,196945,5,10.59.81.213,DEM,,,,S
1,80,10.66.193,289593,5,10.59.81.213,DEM,,,,S
1,47,10.66.232,711694,5,10.59.81.213,DEM,,,,S
1,109,10.66.99,293718,5,10.59.81.213,DEM,,,,S
16,167,10.95.128,312205,5,10.59.81.213,DEM,,,,S
1,121,10.66.82,30961,5,10.59.81.213,DEM,,,,S
1,170,10.66.222,36663,5,10.59.81.213,DEM,,,,S
1,132,10.66.202,9277,5,10.59.81.213,DEM,,,,S
16,171,10.95.148,266541,5,10.59.81.213,DEM,,,,S
16,160,10.95.112,353094,5,10.59.81.213,DEM,,,,S
1,89,10.66.73,300596,5,10.59.81.213,DEM,,,,S
1,157,10.66.60,201163,5,10.59.81.213,DEM,,,,S
1,148,10.66.56,298330,5,10.59.81.213,DEM,,,,S
1,161,10.66.27,65554,5,10.59.81.213,DEM,,,,S
1,51,10.66.250,144031,5,10.59.81.213,DEM,,,,S
6,188,10.78.57,113499,5,10.59.81.213,DEM,,,,S
3,189,10.64.1,829860,5,10.59.81.213,DEM,,,,S
3,184,10.64.68,15605,5,10.59.81.213,DEM,,,,S
4,191,10.97.129,183194,5,10.59.81.213,DEM,,,,S
6,198,10.78.88,2754,5,10.59.81.213,DEM,,,,S
1,118,10.66.29,30924,5,10.59.81.213,DEM,,,,S
3,185,10.64.115,29419,5,10.59.81.213,DEM,,,,S
14,214,10.85.11,131619,5,10.59.81.213,DEM,,,,S
1,209,10.66.89,9781,5,10.59.81.213,DEM,,,,S
17,168,10.96.167,50284,5,10.59.81.213,DEM,,,,S
3,215,10.64.141,857649,5,10.59.81.213,DEM,,,,S
1,216,10.66.128,12159,5,10.59.81.213,DEM,,,,S
14,164,10.85.99,119726,5,10.59.81.213,DEM,,,,S
1,135,10.66.252,6232,5,10.59.81.213,DEM,,,,S
12,218,10.91.210,29556,5,10.59.81.213,DEM,,,,S
3,205,10.64.23,22734,5,10.59.81.213,DEM,,,,S
2,42,10.73.28,16470,5,10.59.81.213,DEM,,,,S
3,123,10.64.16,204,5,10.59.81.213,DEM,,,,S
3,176,10.64.160,10189,5,10.59.81.213,DEM,,,,S
1,208,10.66.110,1224,5,10.59.81.213,DEM,,,,S
1,70,10.66.30,1414,5,10.59.81.213,DEM,,,,S
1,217,10.66.196,5824,5,10.59.81.213,DEM,,,,S
15,201,10.79.175,2529,5,10.59.81.213,DEM,,,,S
3,130,10.64.191,204,5,10.59.81.213,DEM,,,,S
3,227,10.64.27,102,5,10.59.81.213,DEM,,,,S
1,175,10.66.32,12253,5,10.59.81.213,DEM,,,,S
3,233,10.64.56,102,5,10.59.81.213,DEM,,,,S
3,238,10.64.250,102,5,10.59.81.213,DEM,,,,S
3,243,10.64.174,24170,5,10.59.81.213,DEM,,,,S
3,229,10.64.176,102,5,10.59.81.213,DEM,,,,S
3,204,10.64.35,816,5,10.59.81.213,DEM,,,,S
9,244,10.93.210,102,5,10.59.81.213,DEM,,,,S
3,206,10.64.139,102,5,10.59.81.213,DEM,,,,S
3,221,10.64.80,1563,5,10.59.81.213,DEM,,,,S
3,195,10.64.252,204,5,10.59.81.213,DEM,,,,S
3,234,10.64.202,102,5,10.59.81.213,DEM,,,,S
3,177,10.64.53,299,5,10.59.81.213,DEM,,,,S
2,43,10.73.26,102,5,10.59.81.213,DEM,,,,S
3,236,10.64.170,102,5,10.59.81.213,DEM,,,,S
14,250,10.85.14,102,5,10.59.81.213,DEM,,,,S
3,172,10.64.54,102,5,10.59.81.213,DEM,,,,S
3,180,10.64.245,102,5,10.59.81.213,DEM,,,,S
0,0,10.59.212,9559735,6,10.59.22.82,DEM,,,,S
0,23,10.59.231,328,6,10.59.22.82,DEM,,,,S
0,7,10.59.174,4539384,7,10.59.174.187,DEM,,,,S
1,67,10.66.63,29135,7,10.59.174.187,DEM,,,,S
0,7,10.59.174,4322908,8,10.26.52.84,DEM,,,,S
4,33,10.97.216,5574217,9,10.59.223.31,DEM,,,,S
1,8,10.66.146,6098,9,10.59.223.31,DEM,,,,S
7,34,10.37.1,96055172,10,10.59.253.58,DEM,,,,S
0,0,10.59.212,93215,10,10.59.253.58,DEM,,,,S
1,11,10.66.148,125594,10,10.59.253.58,DEM,,,,S
6,188,10.78.57,347,10,10.59.253.58,DEM,,,,S
0,7,10.59.174,2841242,11,10.26.52.237,DEM,,,,S
0,7,10.59.174,2804851,12,10.26.52.55,DEM,,,,S
0,7,10.59.174,2716698,13,10.26.52.183,DEM,,,,S
0,7,10.59.174,3176368,14,10.26.52.162,DEM,,,,S
1,38,10.66.98,3791,14,10.26.52.162,DEM,,,,S
1,44,10.66.47,409,14,10.26.52.162,DEM,,,,S
0,7,10.59.174,2817567,15,10.59.174.170,DEM,,,,S
1,44,10.66.47,1186,15,10.59.174.170,DEM,,,,S
0,7,10.59.174,6623097,16,10.59.174.62,DEM,,,,S
0,1,10.59.21,872185,16,10.59.174.62,DEM,,,,S
1,67,10.66.63,2044108,16,10.59.174.62,DEM,,,,S
0,0,10.59.212,286,16,10.59.174.62,DEM,,,,S
1,44,10.66.47,0,16,10.59.174.62,DEM,,,,S
0,23,10.59.231,20,16,10.59.174.62,DEM,,,,S
0,19,10.59.223,80531176,17,10.14.252.143,DEM,,,,S
0,24,10.59.137,47163372,18,10.59.137.255,DEM,,,,S
0,12,10.59.207,3228,18,10.59.137.255,DEM,,,,S
1,41,10.66.92,8239,18,10.59.137.255,DEM,,,,S
0,14,10.59.45,944926564,19,10.59.207.218,DEM,,,,S
0,1,10.59.21,2764131,19,10.59.207.218,DEM,,,,S
0,23,10.59.231,18614,19,10.59.207.218,DEM,,,,S
0,0,10.59.212,602331,19,10.59.207.218,DEM,,,,S
1,47,10.66.232,2224513,19,10.59.207.218,DEM,,,,S
1,37,10.66.10,7045005,19,10.59.207.218,DEM,,,,S
1,4,10.66.115,32869,19,10.59.207.218,DEM,,,,S
1,5,10.66.36,210157,19,10.59.207.218,DEM,,,,S
6,26,10.78.46,469,19,10.59.207.218,DEM,,,,S
6,46,10.78.175,0,19,10.59.207.218,DEM,,,,S
1,15,10.66.162,2015553,20,10.41.27.230,DEM,,,,S
2,42,10.73.28,479642,20,10.41.27.230,DEM,,,,S
0,1,10.59.21,27191,20,10.41.27.230,DEM,,,,S
1,37,10.66.10,29270,20,10.41.27.230,DEM,,,,S
1,36,10.66.34,1362,20,10.41.27.230,DEM,,,,S
0,0,10.59.212,692,20,10.41.27.230,DEM,,,,S
0,1,10.59.21,31887916,21,10.59.223.172,DEM,,,,S
1,8,10.66.146,916935,21,10.59.223.172,DEM,,,,S
0,0,10.59.212,225045,21,10.59.223.172,DEM,,,,S
1,41,10.66.92,60543,21,10.59.223.172,DEM,,,,S
1,80,10.66.193,81513,21,10.59.223.172,DEM,,,,S
0,24,10.59.137,3989,21,10.59.223.172,DEM,,,,S
1,217,10.66.196,20426,21,10.59.223.172,DEM,,,,S
1,6,10.66.187,2425,21,10.59.223.172,DEM,,,,S
0,7,10.59.174,1382452,22,10.59.174.143,DEM,,,,S
6,46,10.78.175,56181,22,10.59.174.143,DEM,,,,S
0,14,10.59.45,4097006,23,10.50.185.170,DEM,,,,S
1,47,10.66.232,48585,23,10.50.185.170,DEM,,,,S
0,7,10.59.174,1309130,24,10.26.52.120,DEM,,,,S
3,40,10.64.223,1024342,25,10.59.253.170,DEM,,,,S
6,26,10.78.46,552227203,25,10.59.253.170,DEM,,,,S
0,19,10.59.223,508,25,10.59.253.170,DEM,,,,S
1,35,10.66.95,1282667,25,10.59.253.170,DEM,,,,S
0,1,10.59.21,1009742,25,10.59.253.170,DEM,,,,S
10,99,10.94.18,5231958,25,10.59.253.170,DEM,,,,S
1,8,10.66.146,2215058,25,10.59.253.170,DEM,,,,S
6,108,10.78.55,5031707,25,10.59.253.170,DEM,,,,S
3,112,10.64.244,13803280,25,10.59.253.170,DEM,,,,S
6,46,10.78.175,24214346,25,10.59.253.170,DEM,,,,S
1,4,10.66.115,4165608,25,10.59.253.170,DEM,,,,S
0,110,10.59.181,212874,25,10.59.253.170,DEM,,,,S
3,78,10.64.253,243362,25,10.59.253.170,DEM,,,,S
3,145,10.64.5,2266066,25,10.59.253.170,DEM,,,,S
3,107,10.64.251,24615018,25,10.59.253.170,DEM,,,,S
3,96,10.64.180,68805427,25,10.59.253.170,DEM,,,,S
3,103,10.64.46,7934261,25,10.59.253.170,DEM,,,,S
1,31,10.66.38,2254100,25,10.59.253.170,DEM,,,,S
3,84,10.64.57,2793093,25,10.59.253.170,DEM,,,,S
1,36,10.66.34,2270840,25,10.59.253.170,DEM,,,,S
1,73,10.66.208,1467786,25,10.59.253.170,DEM,,,,S
1,9,10.66.4,3904228,25,10.59.253.170,DEM,,,,S
4,76,10.97.195,2269153,25,10.59.253.170,DEM,,,,S
3,141,10.64.45,377294,25,10.59.253.170,DEM,,,,S
17,168,10.96.167,2063589,25,10.59.253.170,DEM,,,,S
3,91,10.64.20,935584,25,10.59.253.170,DEM,,,,S
3,25,10.64.34,10647,25,10.59.253.170,DEM,,,,S
3,72,10.64.148,1072315,25,10.59.253.170,DEM,,,,S
1,153,10.66.190,274418,25,10.59.253.170,DEM,,,,S
3,102,10.64.55,65066,25,10.59.253.170,DEM,,,,S
3,10,10.64.126,1048577,25,10.59.253.170,DEM,,,,S
3,133,10.64.216,151202,25,10.59.253.170,DEM,,,,S
6,49,10.78.244,2309296,25,10.59.253.170,DEM,,,,S
3,61,10.64.171,7393718,25,10.59.253.170,DEM,,,,S
3,140,10.64.167,467334,25,10.59.253.170,DEM,,,,S
1,27,10.66.195,104391,25,10.59.253.170,DEM,,,,S
3,139,10.64.181,2848788,25,10.59.253.170,DEM,,,,S
3,155,10.64.58,115824,25,10.59.253.170,DEM,,,,S
1,131,10.66.78,839061,25,10.59.253.170,DEM,,,,S
10,59,10.94.131,4956,25,10.59.253.170,DEM,,,,S
3,117,10.64.208,160913,25,10.59.253.170,DEM,,,,S
2,43,10.73.26,1237265,25,10.59.253.170,DEM,,,,S
11,69,10.92.167,4380981,25,10.59.253.170,DEM,,,,S
3,146,10.64.67,931421,25,10.59.253.170,DEM,,,,S
2,42,10.73.28,1940381,25,10.59.253.170,DEM,,,,S
1,41,10.66.92,892430,25,10.59.253.170,DEM,,,,S
6,188,10.78.57,1816720,25,10.59.253.170,DEM,,,,S
1,63,10.66.21,14789,25,10.59.253.170,DEM,,,,S
3,60,10.64.21,6621876,25,10.59.253.170,DEM,,,,S
1,92,10.66.141,360379,25,10.59.253.170,DEM,,,,S
1,161,10.66.27,74710,25,10.59.253.170,DEM,,,,S
3,125,10.64.36,1383282,25,10.59.253.170,DEM,,,,S
1,37,10.66.10,2329691,25,10.59.253.170,DEM,,,,S
4,191,10.97.129,105917,25,10.59.253.170,DEM,,,,S
3,85,10.64.24,2602173,25,10.59.253.170,DEM,,,,S
1,47,10.66.232,332267,25,10.59.253.170,DEM,,,,S
3,111,10.64.97,23804,25,10.59.253.170,DEM,,,,S
1,20,10.66.167,448389,25,10.59.253.170,DEM,,,,S
1,11,10.66.148,1272082,25,10.59.253.170,DEM,,,,S
14,120,10.85.115,36991,25,10.59.253.170,DEM,,,,S
1,30,10.66.18,2099054,25,10.59.253.170,DEM,,,,S
1,6,10.66.187,185301,25,10.59.253.170,DEM,,,,S
3,142,10.64.22,892929,25,10.59.253.170,DEM,,,,S
3,166,10.64.88,169318,25,10.59.253.170,DEM,,,,S
3,158,10.64.81,29591,25,10.59.253.170,DEM,,,,S
1,53,10.66.12,107795,25,10.59.253.170,DEM,,,,S
1,5,10.66.36,192717,25,10.59.253.170,DEM,,,,S
1,28,10.66.249,24586,25,10.59.253.170,DEM,,,,S
1,70,10.66.30,5354,25,10.59.253.170,DEM,,,,S
1,159,10.66.213,1978,25,10.59.253.170,DEM,,,,S
12,129,10.91.31,4154,25,10.59.253.170,DEM,,,,S
1,67,10.66.63,1037,25,10.59.253.170,DEM,,,,S
1,44,10.66.47,0,25,10.59.253.170,DEM,,,,S
0,14,10.59.45,1007210,26,10.34.143.103,DEM,,,,S
0,0,10.59.212,1172980,26,10.34.143.103,DEM,,,,S
0,1,10.59.21,45864,26,10.34.143.103,DEM,,,,S
6,26,10.78.46,12596,27,10.59.253.48,DEM,,,,S
2,42,10.73.28,1967,27,10.59.253.48,DEM,,,,S
4,13,10.97.171,119825,27,10.59.253.48,DEM,,,,S
1,8,10.66.146,21188,27,10.59.253.48,DEM,,,,S
4,76,10.97.195,117871,27,10.59.253.48,DEM,,,,S
1,29,10.66.185,29943,27,10.59.253.48,DEM,,,,S
9,50,10.93.0,60849,27,10.59.253.48,DEM,,,,S
14,120,10.85.115,5790,27,10.59.253.48,DEM,,,,S
12,129,10.91.31,15766,27,10.59.253.48,DEM,,,,S
1,6,10.66.187,49339,27,10.59.253.48,DEM,,,,S
1,138,10.66.28,4332,27,10.59.253.48,DEM,,,,S
1,21,10.66.26,25951,27,10.59.253.48,DEM,,,,S
12,75,10.91.115,17740,27,10.59.253.48,DEM,,,,S
14,100,10.85.131,31983,27,10.59.253.48,DEM,,,,S
1,5,10.66.36,23843,27,10.59.253.48,DEM,,,,S
5,17,10.84.4,9869,27,10.59.253.48,DEM,,,,S
1,127,10.66.120,9200,27,10.59.253.48,DEM,,,,S
1,38,10.66.98,29424,27,10.59.253.48,DEM,,,,S
1,53,10.66.12,13244,27,10.59.253.48,DEM,,,,S
1,73,10.66.208,24112,27,10.59.253.48,DEM,,,,S
14,122,10.85.54,1432,27,10.59.253.48,DEM,,,,S
1,113,10.66.54,15060,27,10.59.253.48,DEM,,,,S
1,88,10.66.168,5223,27,10.59.253.48,DEM,,,,S
1,20,10.66.167,3292,27,10.59.253.48,DEM,,,,S
1,35,10.66.95,19031,27,10.59.253.48,DEM,,,,S
6,46,10.78.175,44826,27,10.59.253.48,DEM,,,,S
16,152,10.95.185,25609,27,10.59.253.48,DEM,,,,S
1,37,10.66.10,29193,27,10.59.253.48,DEM,,,,S
1,2,10.66.245,13870,27,10.59.253.48,DEM,,,,S
1,154,10.66.43,3982,27,10.59.253.48,DEM,,,,S
1,51,10.66.250,4706,27,10.59.253.48,DEM,,,,S
9,79,10.93.31,20259,27,10.59.253.48,DEM,,,,S
1,9,10.66.4,24885,27,10.59.253.48,DEM,,,,S
1,63,10.66.21,20777,27,10.59.253.48,DEM,,,,S
1,135,10.66.252,537,27,10.59.253.48,DEM,,,,S
1,18,10.66.131,47752,27,10.59.253.48,DEM,,,,S
1,41,10.66.92,29399,27,10.59.253.48,DEM,,,,S
1,101,10.66.86,4628,27,10.59.253.48,DEM,,,,S
1,30,10.66.18,44042,27,10.59.253.48,DEM,,,,S
1,11,10.66.148,29056,27,10.59.253.48,DEM,,,,S
1,39,10.66.0,11152,27,10.59.253.48,DEM,,,,S
1,106,10.66.191,4018,27,10.59.253.48,DEM,,,,S
1,55,10.66.118,1798,27,10.59.253.48,DEM,,,,S
16,167,10.95.128,3413,27,10.59.253.48,DEM,,,,S
1,28,10.66.249,11576,27,10.59.253.48,DEM,,,,S
6,108,10.78.55,21620,27,10.59.253.48,DEM,,,,S
4,191,10.97.129,3059,27,10.59.253.48,DEM,,,,S
1,44,10.66.47,20495,27,10.59.253.48,DEM,,,,S
1,119,10.66.204,13068,27,10.59.253.48,DEM,,,,S
1,4,10.66.115,41379,27,10.59.253.48,DEM,,,,S
1,80,10.66.193,5247,27,10.59.253.48,DEM,,,,S
6,49,10.78.244,16866,27,10.59.253.48,DEM,,,,S
1,36,10.66.34,16682,27,10.59.253.48,DEM,,,,S
8,45,10.86.185,9805,27,10.59.253.48,DEM,,,,S
1,95,10.66.207,19868,27,10.59.253.48,DEM,,,,S
1,47,10.66.232,12785,27,10.59.253.48,DEM,,,,S
16,160,10.95.112,14091,27,10.59.253.48,DEM,,,,S
1,65,10.66.112,12116,27,10.59.253.48,DEM,,,,S
1,67,10.66.63,21129,27,10.59.253.48,DEM,,,,S
1,66,10.66.85,2721,27,10.59.253.48,DEM,,,,S
10,59,10.94.131,4095,27,10.59.253.48,DEM,,,,S
16,171,10.95.148,5714,27,10.59.253.48,DEM,,,,S
1,31,10.66.38,8638,27,10.59.253.48,DEM,,,,S
1,109,10.66.99,5768,27,10.59.253.48,DEM,,,,S
11,69,10.92.167,1245,27,10.59.253.48,DEM,,,,S
1,27,10.66.195,3560,27,10.59.253.48,DEM,,,,S
1,118,10.66.29,2393,27,10.59.253.48,DEM,,,,S
1,94,10.66.230,1822,27,10.59.253.48,DEM,,,,S
10,99,10.94.18,4487,27,10.59.253.48,DEM,,,,S
15,201,10.79.175,362,27,10.59.253.48,DEM,,,,S
1,148,10.66.56,1810,27,10.59.253.48,DEM,,,,S
1,81,10.66.70,5537,27,10.59.253.48,DEM,,,,S
1,170,10.66.222,1623,27,10.59.253.48,DEM,,,,S
1,209,10.66.89,175,27,10.59.253.48,DEM,,,,S
14,164,10.85.99,748,27,10.59.253.48,DEM,,,,S
1,92,10.66.141,4843,27,10.59.253.48,DEM,,,,S
1,89,10.66.73,2371,27,10.59.253.48,DEM,,,,S
6,198,10.78.88,537,27,10.59.253.48,DEM,,,,S
1,70,10.66.30,537,27,10.59.253.48,DEM,,,,S
1,157,10.66.60,3401,27,10.59.253.48,DEM,,,,S
1,216,10.66.128,187,27,10.59.253.48,DEM,,,,S
17,168,10.96.167,374,27,10.59.253.48,DEM,,,,S
1,161,10.66.27,1619,27,10.59.253.48,DEM,,,,S
1,132,10.66.202,350,27,10.59.253.48,DEM,,,,S
14,214,10.85.11,899,27,10.59.253.48,DEM,,,,S
15,144,10.79.97,374,27,10.59.253.48,DEM,,,,S
1,217,10.66.196,549,27,10.59.253.48,DEM,,,,S
6,188,10.78.57,175,27,10.59.253.48,DEM,,,,S
1,121,10.66.82,537,27,10.59.253.48,DEM,,,,S
1,37,10.66.10,16174023,28,10.59.88.121,DEM,,,,S
0,54,10.59.34,6289667,28,10.59.88.121,DEM,,,,S
1,30,10.66.18,851841,28,10.59.88.121,DEM,,,,S
2,43,10.73.26,92244,28,10.59.88.121,DEM,,,,S
1,20,10.66.167,85548,28,10.59.88.121,DEM,,,,S
0,19,10.59.223,366808,28,10.59.88.121,DEM,,,,S
1,88,10.66.168,97241,28,10.59.88.121,DEM,,,,S
2,42,10.73.28,1845397,28,10.59.88.121,DEM,,,,S
1,82,10.66.234,102859,28,10.59.88.121,DEM,,,,S
1,35,10.66.95,137983,28,10.59.88.121,DEM,,,,S
1,63,10.66.21,113297,28,10.59.88.121,DEM,,,,S
6,26,10.78.46,161543,28,10.59.88.121,DEM,,,,S
1,66,10.66.85,54746,28,10.59.88.121,DEM,,,,S
6,245,10.78.208,36030,28,10.59.88.121,DEM,,,,S
1,73,10.66.208,111606,28,10.59.88.121,DEM,,,,S
1,41,10.66.92,43870,28,10.59.88.121,DEM,,,,S
5,17,10.84.4,13726,28,10.59.88.121,DEM,,,,S
0,14,10.59.45,46615,29,10.41.242.201,DEM,,,,S
0,52,10.59.179,170469,29,10.41.242.201,DEM,,,,S
0,0,10.59.212,1660943,30,10.59.34.15,DEM,,,,S
1,18,10.66.131,868780,31,10.19.172.148,DEM,,,,S
0,0,10.59.212,3258745,32,10.59.45.122,DEM,,,,S
0,1,10.59.21,14600569,32,10.59.45.122,DEM,,,,S
0,14,10.59.45,3896067,32,10.59.45.122,DEM,,,,S
0,24,10.59.137,17324,32,10.59.45.122,DEM,,,,S
4,76,10.97.195,56741,32,10.59.45.122,DEM,,,,S
12,75,10.91.115,164785,32,10.59.45.122,DEM,,,,S
1,4,10.66.115,812900,32,10.59.45.122,DEM,,,,S
1,2,10.66.245,0,32,10.59.45.122,DEM,,,,S
1,9,10.66.4,11763,32,10.59.45.122,DEM,,,,S
1,47,10.66.232,3197,32,10.59.45.122,DEM,,,,S
0,14,10.59.45,1128180,33,10.65.221.150,DEM,,,,S
0,1,10.59.21,54042,33,10.65.221.150,DEM,,,,S
0,0,10.59.212,384,33,10.65.221.150,DEM,,,,S
0,77,10.59.253,692,33,10.65.221.150,DEM,,,,S
0,1,10.59.21,39778211,34,10.24.32.70,DEM,,,,S
0,23,10.59.231,37053,34,10.24.32.70,DEM,,,,S
0,24,10.59.137,2401543,34,10.24.32.70,DEM,,,,S
1,80,10.66.193,0,34,10.24.32.70,DEM,,,,S
0,0,10.59.212,429,34,10.24.32.70,DEM,,,,S
1,80,10.66.193,33549797,35,10.41.68.117,DEM,,,,S
0,14,10.59.45,1156922,36,10.41.73.100,DEM,,,,S
0,1,10.59.21,26917,36,10.41.73.100,DEM,,,,S
0,14,10.59.45,1128907,37,10.28.52.151,DEM,,,,S
0,1,10.59.21,1072950,37,10.28.52.151,DEM,,,,S
0,0,10.59.212,171,37,10.28.52.151,DEM,,,,S
0,14,10.59.45,1110535,38,10.28.52.233,DEM,,,,S
0,1,10.59.21,1059487,38,10.28.52.233,DEM,,,,S
0,0,10.59.212,512,38,10.28.52.233,DEM,,,,S
0,14,10.59.45,1115847,39,10.28.160.160,DEM,,,,S
0,1,10.59.21,25149,39,10.28.160.160,DEM,,,,S
0,14,10.59.45,1119632,40,10.65.117.39,DEM,,,,S
0,1,10.59.21,18946,40,10.65.117.39,DEM,,,,S
0,14,10.59.45,1086810,41,10.65.117.184,DEM,,,,S
0,1,10.59.21,20202,41,10.65.117.184,DEM,,,,S
0,0,10.59.212,384,41,10.65.117.184,DEM,,,,S
0,23,10.59.231,0,41,10.65.117.184,DEM,,,,S
0,14,10.59.45,1024709,42,10.41.11.98,DEM,,,,S
0,23,10.59.231,2789250,42,10.41.11.98,DEM,,,,S
0,1,10.59.21,1908311,42,10.41.11.98,DEM,,,,S
0,77,10.59.253,4091,42,10.41.11.98,DEM,,,,S
0,0,10.59.212,478,42,10.41.11.98,DEM,,,,S
0,24,10.59.137,129325364,43,10.19.240.213,DEM,,,,S
0,62,10.59.146,589271,43,10.19.240.213,DEM,,,,S
0,83,10.59.216,267657971,43,10.19.240.213,DEM,,,,S
0,52,10.59.179,28057,43,10.19.240.213,DEM,,,,S
0,190,10.59.215,160722,43,10.19.240.213,DEM,,,,S
1,53,10.66.12,643731,44,10.59.126.85,DEM,,,,S
0,19,10.59.223,33940809,45,10.32.170.23,DEM,,,,S
0,19,10.59.223,34203392,46,10.32.170.198,DEM,,,,S
1,132,10.66.202,7708109,47,10.59.223.186,DEM,,,,S
0,19,10.59.223,1654817,47,10.59.223.186,DEM,,,,S
0,1,10.59.21,8650528,47,10.59.223.186,DEM,,,,S
1,36,10.66.34,5929019,47,10.59.223.186,DEM,,,,S
1,80,10.66.193,17178661,47,10.59.223.186,DEM,,,,S
1,21,10.66.26,11565326,47,10.59.223.186,DEM,,,,S
1,41,10.66.92,2374078,47,10.59.223.186,DEM,,,,S
1,29,10.66.185,5730346,47,10.59.223.186,DEM,,,,S
1,65,10.66.112,199349,47,10.59.223.186,DEM,,,,S
1,6,10.66.187,651252,47,10.59.223.186,DEM,,,,S
0,24,10.59.137,12745,47,10.59.223.186,DEM,,,,S
0,0,10.59.212,34309,47,10.59.223.186,DEM,,,,S
1,35,10.66.95,923887,48,10.59.253.157,DEM,,,,S
2,42,10.73.28,1099794,48,10.59.253.157,DEM,,,,S
1,63,10.66.21,140686,48,10.59.253.157,DEM,,,,S
1,135,10.66.252,1338,48,10.59.253.157,DEM,,,,S
1,6,10.66.187,678028,48,10.59.253.157,DEM,,,,S
6,46,10.78.175,667418,48,10.59.253.157,DEM,,,,S
1,47,10.66.232,257205,48,10.59.253.157,DEM,,,,S
1,18,10.66.131,438082,48,10.59.253.157,DEM,,,,S
1,41,10.66.92,771218,48,10.59.253.157,DEM,,,,S
1,5,10.66.36,117178,48,10.59.253.157,DEM,,,,S
6,108,10.78.55,128020,48,10.59.253.157,DEM,,,,S
1,21,10.66.26,137716,48,10.59.253.157,DEM,,,,S
1,118,10.66.29,12249,48,10.59.253.157,DEM,,,,S
1,157,10.66.60,127419,48,10.59.253.157,DEM,,,,S
16,160,10.95.112,78104,48,10.59.253.157,DEM,,,,S
1,67,10.66.63,197869,48,10.59.253.157,DEM,,,,S
14,164,10.85.99,73488,48,10.59.253.157,DEM,,,,S
1,127,10.66.120,21750860,48,10.59.253.157,DEM,,,,S
1,95,10.66.207,83044,48,10.59.253.157,DEM,,,,S
1,11,10.66.148,343553,48,10.59.253.157,DEM,,,,S
1,30,10.66.18,694613,48,10.59.253.157,DEM,,,,S
5,17,10.84.4,266994,48,10.59.253.157,DEM,,,,S
1,113,10.66.54,267157,48,10.59.253.157,DEM,,,,S
1,81,10.66.70,156412,48,10.59.253.157,DEM,,,,S
4,76,10.97.195,289487,48,10.59.253.157,DEM,,,,S
1,39,10.66.0,287812,48,10.59.253.157,DEM,,,,S
1,38,10.66.98,277473,48,10.59.253.157,DEM,,,,S
1,44,10.66.47,31184,48,10.59.253.157,DEM,,,,S
1,161,10.66.27,11442,48,10.59.253.157,DEM,,,,S
1,8,10.66.146,104688,48,10.59.253.157,DEM,,,,S
12,75,10.91.115,13064,48,10.59.253.157,DEM,,,,S
1,36,10.66.34,194049,48,10.59.253.157,DEM,,,,S
1,148,10.66.56,9460,48,10.59.253.157,DEM,,,,S
1,73,10.66.208,147579,48,10.59.253.157,DEM,,,,S
0,182,10.59.20,993383,48,10.59.253.157,DEM,,,,S
1,4,10.66.115,217899,48,10.59.253.157,DEM,,,,S
1,106,10.66.191,68161,48,10.59.253.157,DEM,,,,S
6,49,10.78.244,71096,48,10.59.253.157,DEM,,,,S
1,29,10.66.185,571599,48,10.59.253.157,DEM,,,,S
9,50,10.93.0,18929,48,10.59.253.157,DEM,,,,S
1,9,10.66.4,92106,48,10.59.253.157,DEM,,,,S
1,65,10.66.112,62656,48,10.59.253.157,DEM,,,,S
1,28,10.66.249,211120,48,10.59.253.157,DEM,,,,S
1,119,10.66.204,108338,48,10.59.253.157,DEM,,,,S
1,53,10.66.12,80032,48,10.59.253.157,DEM,,,,S
14,100,10.85.131,205700,48,10.59.253.157,DEM,,,,S
1,20,10.66.167,47667,48,10.59.253.157,DEM,,,,S
1,37,10.66.10,654365,48,10.59.253.157,DEM,,,,S
11,137,10.92.21,9742,48,10.59.253.157,DEM,,,,S
1,209,10.66.89,24,48,10.59.253.157,DEM,,,,S
1,2,10.66.245,39592,48,10.59.253.157,DEM,,,,S
6,26,10.78.46,5174241,48,10.59.253.157,DEM,,,,S
1,170,10.66.222,24404,48,10.59.253.157,DEM,,,,S
1,154,10.66.43,79350,48,10.59.253.157,DEM,,,,S
1,27,10.66.195,132429,48,10.59.253.157,DEM,,,,S
1,89,10.66.73,21484,48,10.59.253.157,DEM,,,,S
8,45,10.86.185,118124,48,10.59.253.157,DEM,,,,S
1,80,10.66.193,25006,48,10.59.253.157,DEM,,,,S
14,214,10.85.11,20100,48,10.59.253.157,DEM,,,,S
14,120,10.85.115,19584,48,10.59.253.157,DEM,,,,S
1,109,10.66.99,30568,48,10.59.253.157,DEM,,,,S
1,51,10.66.250,41976,48,10.59.253.157,DEM,,,,S
1,94,10.66.230,36054,48,10.59.253.157,DEM,,,,S
1,66,10.66.85,1098,48,10.59.253.157,DEM,,,,S
1,92,10.66.141,127276,48,10.59.253.157,DEM,,,,S
1,70,10.66.30,4150,48,10.59.253.157,DEM,,,,S
1,101,10.66.86,5898,48,10.59.253.157,DEM,,,,S
6,198,10.78.88,5536,48,10.59.253.157,DEM,,,,S
1,121,10.66.82,12740,48,10.59.253.157,DEM,,,,S
1,138,10.66.28,13754,48,10.59.253.157,DEM,,,,S
1,31,10.66.38,60352,48,10.59.253.157,DEM,,,,S
14,122,10.85.54,35930,48,10.59.253.157,DEM,,,,S
16,152,10.95.185,2535,48,10.59.253.157,DEM,,,,S
10,59,10.94.131,9684,48,10.59.253.157,DEM,,,,S
4,13,10.97.171,76944,49,10.59.253.30,DEM,,,,S
5,17,10.84.4,5376,49,10.59.253.30,DEM,,,,S
9,50,10.93.0,36792,49,10.59.253.30,DEM,,,,S
9,79,10.93.31,13440,49,10.59.253.30,DEM,,,,S
1,44,10.66.47,9912,49,10.59.253.30,DEM,,,,S
1,18,10.66.131,22008,49,10.59.253.30,DEM,,,,S
4,76,10.97.195,82488,49,10.59.253.30,DEM,,,,S
11,137,10.92.21,2016,49,10.59.253.30,DEM,,,,S
1,6,10.66.187,15624,49,10.59.253.30,DEM,,,,S
1,21,10.66.26,9072,49,10.59.253.30,DEM,,,,S
1,29,10.66.185,9576,49,10.59.253.30,DEM,,,,S
1,8,10.66.146,11256,49,10.59.253.30,DEM,,,,S
1,73,10.66.208,15120,49,10.59.253.30,DEM,,,,S
1,5,10.66.36,7560,49,10.59.253.30,DEM,,,,S
1,148,10.66.56,672,49,10.59.253.30,DEM,,,,S
16,160,10.95.112,5880,49,10.59.253.30,DEM,,,,S
1,4,10.66.115,14784,49,10.59.253.30,DEM,,,,S
6,46,10.78.175,36624,49,10.59.253.30,DEM,,,,S
1,51,10.66.250,2688,49,10.59.253.30,DEM,,,,S
1,81,10.66.70,1848,49,10.59.253.30,DEM,,,,S
1,63,10.66.21,11592,49,10.59.253.30,DEM,,,,S
6,49,10.78.244,10584,49,10.59.253.30,DEM,,,,S
16,152,10.95.185,13608,49,10.59.253.30,DEM,,,,S
12,75,10.91.115,15456,49,10.59.253.30,DEM,,,,S
1,36,10.66.34,9912,49,10.59.253.30,DEM,,,,S
1,28,10.66.249,8064,49,10.59.253.30,DEM,,,,S
1,113,10.66.54,6552,49,10.59.253.30,DEM,,,,S
6,26,10.78.46,8736,49,10.59.253.30,DEM,,,,S
12,129,10.91.31,9072,49,10.59.253.30,DEM,,,,S
11,69,10.92.167,5208,49,10.59.253.30,DEM,,,,S
1,161,10.66.27,1176,49,10.59.253.30,DEM,,,,S
1,95,10.66.207,12600,49,10.59.253.30,DEM,,,,S
14,122,10.85.54,2016,49,10.59.253.30,DEM,,,,S
1,38,10.66.98,10584,49,10.59.253.30,DEM,,,,S
14,120,10.85.115,5208,49,10.59.253.30,DEM,,,,S
1,11,10.66.148,12936,49,10.59.253.30,DEM,,,,S
8,45,10.86.185,5376,49,10.59.253.30,DEM,,,,S
14,100,10.85.131,22848,49,10.59.253.30,DEM,,,,S
10,99,10.94.18,2520,49,10.59.253.30,DEM,,,,S
1,37,10.66.10,10248,49,10.59.253.30,DEM,,,,S
1,47,10.66.232,5544,49,10.59.253.30,DEM,,,,S
16,171,10.95.148,4200,49,10.59.253.30,DEM,,,,S
15,201,10.79.175,672,49,10.59.253.30,DEM,,,,S
1,53,10.66.12,6216,49,10.59.253.30,DEM,,,,S
6,108,10.78.55,15960,49,10.59.253.30,DEM,,,,S
1,71,10.66.176,336,49,10.59.253.30,DEM,,,,S
1,35,10.66.95,14280,49,10.59.253.30,DEM,,,,S
1,20,10.66.167,2688,49,10.59.253.30,DEM,,,,S
1,30,10.66.18,15960,49,10.59.253.30,DEM,,,,S
1,9,10.66.4,7392,49,10.59.253.30,DEM,,,,S
1,127,10.66.120,2520,49,10.59.253.30,DEM,,,,S
4,191,10.97.129,2688,49,10.59.253.30,DEM,,,,S
1,2,10.66.245,3360,49,10.59.253.30,DEM,,,,S
1,94,10.66.230,672,49,10.59.253.30,DEM,,,,S
1,55,10.66.118,1008,49,10.59.253.30,DEM,,,,S
1,41,10.66.92,12768,49,10.59.253.30,DEM,,,,S
1,39,10.66.0,2520,49,10.59.253.30,DEM,,,,S
1,101,10.66.86,1848,49,10.59.253.30,DEM,,,,S
1,67,10.66.63,8064,49,10.59.253.30,DEM,,,,S
17,168,10.96.167,1848,49,10.59.253.30,DEM,,,,S
1,31,10.66.38,2352,49,10.59.253.30,DEM,,,,S
2,42,10.73.28,1344,49,10.59.253.30,DEM,,,,S
1,89,10.66.73,1680,49,10.59.253.30,DEM,,,,S
1,157,10.66.60,1344,49,10.59.253.30,DEM,,,,S
1,119,10.66.204,3192,49,10.59.253.30,DEM,,,,S
1,106,10.66.191,3360,49,10.59.253.30,DEM,,,,S
1,80,10.66.193,2688,49,10.59.253.30,DEM,,,,S
1,88,10.66.168,1848,49,10.59.253.30,DEM,,,,S
16,167,10.95.128,2520,49,10.59.253.30,DEM,,,,S
10,59,10.94.131,2856,49,10.59.253.30,DEM,,,,S
1,65,10.66.112,3864,49,10.59.253.30,DEM,,,,S
1,175,10.66.32,168,49,10.59.253.30,DEM,,,,S
1,109,10.66.99,2856,49,10.59.253.30,DEM,,,,S
1,27,10.66.195,1176,49,10.59.253.30,DEM,,,,S
14,214,10.85.11,840,49,10.59.253.30,DEM,,,,S
15,144,10.79.97,1848,49,10.59.253.30,DEM,,,,S
1,66,10.66.85,1344,49,10.59.253.30,DEM,,,,S
1,92,10.66.141,840,49,10.59.253.30,DEM,,,,S
12,218,10.91.210,840,49,10.59.253.30,DEM,,,,S
1,138,10.66.28,2184,49,10.59.253.30,DEM,,,,S
1,121,10.66.82,336,49,10.59.253.30,DEM,,,,S
6,188,10.78.57,504,49,10.59.253.30,DEM,,,,S
1,209,10.66.89,168,49,10.59.253.30,DEM,,,,S
1,118,10.66.29,504,49,10.59.253.30,DEM,,,,S
14,164,10.85.99,336,49,10.59.253.30,DEM,,,,S
1,154,10.66.43,1512,49,10.59.253.30,DEM,,,,S
1,170,10.66.222,336,49,10.59.253.30,DEM,,,,S
1,216,10.66.128,504,49,10.59.253.30,DEM,,,,S
6,198,10.78.88,168,49,10.59.253.30,DEM,,,,S
1,29,10.66.185,164659,50,10.99.216.254,DEM,,,,S
13,98,220.181.158,570578,50,10.99.216.254,DEM,,,,S
1,73,10.66.208,111568,50,10.99.216.254,DEM,,,,S
1,101,10.66.86,57343,50,10.99.216.254,DEM,,,,S
1,113,10.66.54,92556,50,10.99.216.254,DEM,,,,S
1,35,10.66.95,461378,50,10.99.216.254,DEM,,,,S
1,20,10.66.167,166820,50,10.99.216.254,DEM,,,,S
1,6,10.66.187,297934,50,10.99.216.254,DEM,,,,S
1,88,10.66.168,122726,50,10.99.216.254,DEM,,,,S
1,18,10.66.131,284598,50,10.99.216.254,DEM,,,,S
1,37,10.66.10,143385,50,10.99.216.254,DEM,,,,S
1,67,10.66.63,160791,50,10.99.216.254,DEM,,,,S
6,26,10.78.46,189177,50,10.99.216.254,DEM,,,,S
1,5,10.66.36,235142,50,10.99.216.254,DEM,,,,S
1,44,10.66.47,86907,50,10.99.216.254,DEM,,,,S
1,63,10.66.21,194493,50,10.99.216.254,DEM,,,,S
1,119,10.66.204,95838,50,10.99.216.254,DEM,,,,S
1,9,10.66.4,219615,50,10.99.216.254,DEM,,,,S
1,47,10.66.232,100703,50,10.99.216.254,DEM,,,,S
1,21,10.66.26,187204,50,10.99.216.254,DEM,,,,S
1,169,10.66.189,4354,50,10.99.216.254,DEM,,,,S
6,108,10.78.55,232181,50,10.99.216.254,DEM,,,,S
1,127,10.66.120,66139,50,10.99.216.254,DEM,,,,S
3,172,10.64.54,25953,50,10.99.216.254,DEM,,,,S
1,30,10.66.18,244063,50,10.99.216.254,DEM,,,,S
1,4,10.66.115,249050,50,10.99.216.254,DEM,,,,S
1,106,10.66.191,126036,50,10.99.216.254,DEM,,,,S
1,38,10.66.98,228319,50,10.99.216.254,DEM,,,,S
1,2,10.66.245,61010,50,10.99.216.254,DEM,,,,S
1,36,10.66.34,166911,50,10.99.216.254,DEM,,,,S
1,41,10.66.92,315435,50,10.99.216.254,DEM,,,,S
3,177,10.64.53,3090,50,10.99.216.254,DEM,,,,S
1,28,10.66.249,160148,50,10.99.216.254,DEM,,,,S
1,16,10.66.142,1865865,50,10.99.216.254,DEM,,,,S
0,187,10.59.81,51847,50,10.99.216.254,DEM,,,,S
6,188,10.78.57,5743,50,10.99.216.254,DEM,,,,S
18,193,111.206.53,147272,50,10.99.216.254,DEM,,,,S
1,95,10.66.207,467746,50,10.99.216.254,DEM,,,,S
19,196,123.125.74,17227,50,10.99.216.254,DEM,,,,S
6,198,10.78.88,89120,50,10.99.216.254,DEM,,,,S
1,8,10.66.146,241363,50,10.99.216.254,DEM,,,,S
3,204,10.64.35,104444,50,10.99.216.254,DEM,,,,S
1,154,10.66.43,32256,50,10.99.216.254,DEM,,,,S
1,65,10.66.112,55809,50,10.99.216.254,DEM,,,,S
1,126,10.66.183,9579,50,10.99.216.254,DEM,,,,S
1,92,10.66.141,95416,50,10.99.216.254,DEM,,,,S
1,148,10.66.56,36998,50,10.99.216.254,DEM,,,,S
3,210,10.64.149,4799,50,10.99.216.254,DEM,,,,S
1,11,10.66.148,368341,50,10.99.216.254,DEM,,,,S
3,213,10.64.179,3680,50,10.99.216.254,DEM,,,,S
1,53,10.66.12,134578,50,10.99.216.254,DEM,,,,S
1,39,10.66.0,48261,50,10.99.216.254,DEM,,,,S
1,81,10.66.70,35777,50,10.99.216.254,DEM,,,,S
3,180,10.64.245,30887,50,10.99.216.254,DEM,,,,S
1,94,10.66.230,17970,50,10.99.216.254,DEM,,,,S
1,138,10.66.28,104857,50,10.99.216.254,DEM,,,,S
1,118,10.66.29,11599,50,10.99.216.254,DEM,,,,S
3,189,10.64.1,7296,50,10.99.216.254,DEM,,,,S
1,104,10.66.233,7463,50,10.99.216.254,DEM,,,,S
1,55,10.66.118,41046,50,10.99.216.254,DEM,,,,S
1,66,10.66.85,55189,50,10.99.216.254,DEM,,,,S
3,211,10.64.12,1768,50,10.99.216.254,DEM,,,,S
3,219,10.64.103,4594,50,10.99.216.254,DEM,,,,S
3,130,10.64.191,1631,50,10.99.216.254,DEM,,,,S
3,184,10.64.68,7159,50,10.99.216.254,DEM,,,,S
1,194,10.66.136,7994,50,10.99.216.254,DEM,,,,S
3,176,10.64.160,5160,50,10.99.216.254,DEM,,,,S
1,153,10.66.190,10417,50,10.99.216.254,DEM,,,,S
1,170,10.66.222,10652,50,10.99.216.254,DEM,,,,S
1,159,10.66.213,106631,50,10.99.216.254,DEM,,,,S
1,161,10.66.27,23372,50,10.99.216.254,DEM,,,,S
1,27,10.66.195,34237,50,10.99.216.254,DEM,,,,S
3,226,10.64.125,6624,50,10.99.216.254,DEM,,,,S
1,51,10.66.250,32623,50,10.99.216.254,DEM,,,,S
1,121,10.66.82,4391,50,10.99.216.254,DEM,,,,S
1,162,10.66.179,110,50,10.99.216.254,DEM,,,,S
3,228,10.64.38,4492,50,10.99.216.254,DEM,,,,S
1,71,10.66.176,49642,50,10.99.216.254,DEM,,,,S
1,109,10.66.99,43793,50,10.99.216.254,DEM,,,,S
3,231,10.64.48,1806,50,10.99.216.254,DEM,,,,S
1,124,10.66.90,9844,50,10.99.216.254,DEM,,,,S
3,185,10.64.115,11692,50,10.99.216.254,DEM,,,,S
3,123,10.64.16,2142,50,10.99.216.254,DEM,,,,S
3,227,10.64.27,5879,50,10.99.216.254,DEM,,,,S
1,89,10.66.73,7484,50,10.99.216.254,DEM,,,,S
3,234,10.64.202,1056,50,10.99.216.254,DEM,,,,S
1,80,10.66.193,17469,50,10.99.216.254,DEM,,,,S
1,31,10.66.38,32070,50,10.99.216.254,DEM,,,,S
3,205,10.64.23,36084,50,10.99.216.254,DEM,,,,S
3,229,10.64.176,3327,50,10.99.216.254,DEM,,,,S
3,236,10.64.170,1542,50,10.99.216.254,DEM,,,,S
3,206,10.64.139,8231,50,10.99.216.254,DEM,,,,S
3,239,10.64.246,281,50,10.99.216.254,DEM,,,,S
3,222,10.64.113,2021,50,10.99.216.254,DEM,,,,S
1,151,10.66.157,7634,50,10.99.216.254,DEM,,,,S
3,195,10.64.252,15635,50,10.99.216.254,DEM,,,,S
3,225,10.64.194,4631,50,10.99.216.254,DEM,,,,S
1,207,10.66.206,1768,50,10.99.216.254,DEM,,,,S
1,175,10.66.32,3494,50,10.99.216.254,DEM,,,,S
0,240,10.59.148,24153,50,10.99.216.254,DEM,,,,S
3,246,10.64.249,281,50,10.99.216.254,DEM,,,,S
3,232,10.64.195,4360,50,10.99.216.254,DEM,,,,S
3,238,10.64.250,2498,50,10.99.216.254,DEM,,,,S
3,215,10.64.141,1552,50,10.99.216.254,DEM,,,,S
3,249,10.64.66,1575,50,10.99.216.254,DEM,,,,S
3,165,10.64.146,3105,50,10.99.216.254,DEM,,,,S
3,241,10.64.197,1508,50,10.99.216.254,DEM,,,,S
2,42,10.73.28,15599,50,10.99.216.254,DEM,,,,S
3,233,10.64.56,236,50,10.99.216.254,DEM,,,,S
1,157,10.66.60,2396,50,10.99.216.254,DEM,,,,S
3,243,10.64.174,1472,50,10.99.216.254,DEM,,,,S
3,242,10.64.112,283,50,10.99.216.254,DEM,,,,S
3,237,10.64.110,3063,50,10.99.216.254,DEM,,,,S
1,208,10.66.110,1406,50,10.99.216.254,DEM,,,,S
3,251,10.64.11,1431,50,10.99.216.254,DEM,,,,S
1,90,10.66.174,1166,50,10.99.216.254,DEM,,,,S
3,224,10.64.187,256,50,10.99.216.254,DEM,,,,S
0,1,10.59.21,10209339,51,10.59.223.59,DEM,,,,S
0,0,10.59.212,27256,51,10.59.223.59,DEM,,,,S
1,68,10.66.58,136,51,10.59.223.59,DEM,,,,S
1,67,10.66.63,7200,51,10.59.223.59,DEM,,,,S
1,41,10.66.92,7637,51,10.59.223.59,DEM,,,,S
1,8,10.66.146,206,51,10.59.223.59,DEM,,,,S
1,80,10.66.193,93792,51,10.59.223.59,DEM,,,,S
1,63,10.66.21,1413,51,10.59.223.59,DEM,,,,S
1,89,10.66.73,4246,51,10.59.223.59,DEM,,,,S
0,7,10.59.174,218,51,10.59.223.59,DEM,,,,S
0,19,10.59.223,1138841,52,10.16.249.11,DEM,,,,S
1,44,10.66.47,45398,52,10.16.249.11,DEM,,,,S
1,35,10.66.95,8845,52,10.16.249.11,DEM,,,,S
1,8,10.66.146,9775,52,10.16.249.11,DEM,,,,S
1,4,10.66.115,1839,52,10.16.249.11,DEM,,,,S
1,41,10.66.92,542,52,10.16.249.11,DEM,,,,S
6,46,10.78.175,987628,53,10.59.216.254,DEM,,,,S
6,49,10.78.244,833287,53,10.59.216.254,DEM,,,,S
1,63,10.66.21,70426,53,10.59.216.254,DEM,,,,S
1,27,10.66.195,14386,53,10.59.216.254,DEM,,,,S
1,6,10.66.187,96370,53,10.59.216.254,DEM,,,,S
1,65,10.66.112,59551,53,10.59.216.254,DEM,,,,S
1,18,10.66.131,1070476,53,10.59.216.254,DEM,,,,S
1,88,10.66.168,22436,53,10.59.216.254,DEM,,,,S
1,124,10.66.90,6961,53,10.59.216.254,DEM,,,,S
1,11,10.66.148,173666,53,10.59.216.254,DEM,,,,S
1,44,10.66.47,55708,53,10.59.216.254,DEM,,,,S
1,16,10.66.142,137058,53,10.59.216.254,DEM,,,,S
1,157,10.66.60,21173,53,10.59.216.254,DEM,,,,S
1,8,10.66.146,63843,53,10.59.216.254,DEM,,,,S
1,28,10.66.249,148841,53,10.59.216.254,DEM,,,,S
6,108,10.78.55,226356,53,10.59.216.254,DEM,,,,S
1,148,10.66.56,14001,53,10.59.216.254,DEM,,,,S
1,38,10.66.98,158230,53,10.59.216.254,DEM,,,,S
1,9,10.66.4,234553,53,10.59.216.254,DEM,,,,S
1,95,10.66.207,169909,53,10.59.216.254,DEM,,,,S
1,47,10.66.232,45198,53,10.59.216.254,DEM,,,,S
1,2,10.66.245,48458,53,10.59.216.254,DEM,,,,S
1,39,10.66.0,35179,53,10.59.216.254,DEM,,,,S
1,41,10.66.92,61856,53,10.59.216.254,DEM,,,,S
10,178,10.94.216,310212,53,10.59.216.254,DEM,,,,S
3,180,10.64.245,4550,53,10.59.216.254,DEM,,,,S
1,119,10.66.204,53183,53,10.59.216.254,DEM,,,,S
1,35,10.66.95,160984,53,10.59.216.254,DEM,,,,S
1,5,10.66.36,121851,53,10.59.216.254,DEM,,,,S
1,29,10.66.185,143599,53,10.59.216.254,DEM,,,,S
3,185,10.64.115,36604,53,10.59.216.254,DEM,,,,S
1,73,10.66.208,226563,53,10.59.216.254,DEM,,,,S
1,113,10.66.54,80799,53,10.59.216.254,DEM,,,,S
0,187,10.59.81,19449,53,10.59.216.254,DEM,,,,S
1,37,10.66.10,141251,53,10.59.216.254,DEM,,,,S
1,127,10.66.120,11258,53,10.59.216.254,DEM,,,,S
1,21,10.66.26,199865,53,10.59.216.254,DEM,,,,S
1,4,10.66.115,211379,53,10.59.216.254,DEM,,,,S
1,20,10.66.167,102122,53,10.59.216.254,DEM,,,,S
1,159,10.66.213,25382,53,10.59.216.254,DEM,,,,S
1,36,10.66.34,172491,53,10.59.216.254,DEM,,,,S
1,106,10.66.191,31980,53,10.59.216.254,DEM,,,,S
1,101,10.66.86,13392,53,10.59.216.254,DEM,,,,S
3,123,10.64.16,6476,53,10.59.216.254,DEM,,,,S
2,156,10.73.175,26927,53,10.59.216.254,DEM,,,,S
1,30,10.66.18,269389,53,10.59.216.254,DEM,,,,S
1,92,10.66.141,25584,53,10.59.216.254,DEM,,,,S
1,216,10.66.128,5731,53,10.59.216.254,DEM,,,,S
15,201,10.79.175,11142,53,10.59.216.254,DEM,,,,S
1,89,10.66.73,13951,53,10.59.216.254,DEM,,,,S
1,31,10.66.38,9182,53,10.59.216.254,DEM,,,,S
1,175,10.66.32,6920,53,10.59.216.254,DEM,,,,S
1,194,10.66.136,8745,53,10.59.216.254,DEM,,,,S
1,51,10.66.250,5796,53,10.59.216.254,DEM,,,,S
1,109,10.66.99,19592,53,10.59.216.254,DEM,,,,S
1,66,10.66.85,14209,53,10.59.216.254,DEM,,,,S
6,26,10.78.46,124532,53,10.59.216.254,DEM,,,,S
1,118,10.66.29,10274,53,10.59.216.254,DEM,,,,S
1,200,10.66.59,996,53,10.59.216.254,DEM,,,,S
1,53,10.66.12,111921,53,10.59.216.254,DEM,,,,S
2,223,10.73.67,0,53,10.59.216.254,DEM,,,,S
1,81,10.66.70,8098,53,10.59.216.254,DEM,,,,S
1,104,10.66.233,6596,53,10.59.216.254,DEM,,,,S
1,169,10.66.189,12857,53,10.59.216.254,DEM,,,,S
1,55,10.66.118,4691,53,10.59.216.254,DEM,,,,S
6,198,10.78.88,16695,53,10.59.216.254,DEM,,,,S
3,205,10.64.23,28772,53,10.59.216.254,DEM,,,,S
3,172,10.64.54,84994,53,10.59.216.254,DEM,,,,S
1,161,10.66.27,8017,53,10.59.216.254,DEM,,,,S
1,126,10.66.183,171650,53,10.59.216.254,DEM,,,,S
1,207,10.66.206,2197,53,10.59.216.254,DEM,,,,S
3,224,10.64.187,2563,53,10.59.216.254,DEM,,,,S
2,42,10.73.28,9345,53,10.59.216.254,DEM,,,,S
3,225,10.64.194,1955,53,10.59.216.254,DEM,,,,S
1,94,10.66.230,13827,53,10.59.216.254,DEM,,,,S
1,67,10.66.63,124932,53,10.59.216.254,DEM,,,,S
3,226,10.64.125,5109,53,10.59.216.254,DEM,,,,S
3,165,10.64.146,2961,53,10.59.216.254,DEM,,,,S
3,229,10.64.176,2544,53,10.59.216.254,DEM,,,,S
3,204,10.64.35,26429,53,10.59.216.254,DEM,,,,S
3,176,10.64.160,3658,53,10.59.216.254,DEM,,,,S
3,195,10.64.252,6245,53,10.59.216.254,DEM,,,,S
1,170,10.66.222,9626,53,10.59.216.254,DEM,,,,S
6,188,10.78.57,5301,53,10.59.216.254,DEM,,,,S
3,228,10.64.38,2570,53,10.59.216.254,DEM,,,,S
2,93,10.73.244,15557,53,10.59.216.254,DEM,,,,S
1,70,10.66.30,1196,53,10.59.216.254,DEM,,,,S
1,80,10.66.193,4850,53,10.59.216.254,DEM,,,,S
2,3,10.73.24,6844,53,10.59.216.254,DEM,,,,S
1,153,10.66.190,4170,53,10.59.216.254,DEM,,,,S
3,177,10.64.53,9598,53,10.59.216.254,DEM,,,,S
1,58,10.66.236,10730,53,10.59.216.254,DEM,,,,S
3,237,10.64.110,3657,53,10.59.216.254,DEM,,,,S
3,189,10.64.1,95567,53,10.59.216.254,DEM,,,,S
3,234,10.64.202,1745,53,10.59.216.254,DEM,,,,S
3,130,10.64.191,4750,53,10.59.216.254,DEM,,,,S
3,210,10.64.149,1663,53,10.59.216.254,DEM,,,,S
3,215,10.64.141,2259,53,10.59.216.254,DEM,,,,S
3,241,10.64.197,1530,53,10.59.216.254,DEM,,,,S
3,242,10.64.112,467,53,10.59.216.254,DEM,,,,S
1,132,10.66.202,80504,53,10.59.216.254,DEM,,,,S
3,246,10.64.249,457,53,10.59.216.254,DEM,,,,S
0,240,10.59.148,8708,53,10.59.216.254,DEM,,,,S
1,138,10.66.28,8017,53,10.59.216.254,DEM,,,,S
1,151,10.66.157,3495,53,10.59.216.254,DEM,,,,S
3,219,10.64.103,1524,53,10.59.216.254,DEM,,,,S
1,154,10.66.43,7736,53,10.59.216.254,DEM,,,,S
3,232,10.64.195,1465,53,10.59.216.254,DEM,,,,S
3,243,10.64.174,12515,53,10.59.216.254,DEM,,,,S
2,43,10.73.26,720,53,10.59.216.254,DEM,,,,S
3,184,10.64.68,3476,53,10.59.216.254,DEM,,,,S
3,251,10.64.11,2321,53,10.59.216.254,DEM,,,,S
3,221,10.64.80,1406,53,10.59.216.254,DEM,,,,S
1,121,10.66.82,118,53,10.59.216.254,DEM,,,,S
3,231,10.64.48,476,53,10.59.216.254,DEM,,,,S
3,238,10.64.250,4549,53,10.59.216.254,DEM,,,,S
3,213,10.64.179,1596,53,10.59.216.254,DEM,,,,S
0,19,10.59.223,1046266,54,10.16.249.62,DEM,,,,S
1,35,10.66.95,15951,54,10.16.249.62,DEM,,,,S
1,44,10.66.47,96305,54,10.16.249.62,DEM,,,,S
1,8,10.66.146,17140,54,10.16.249.62,DEM,,,,S
1,18,10.66.131,413,54,10.16.249.62,DEM,,,,S
1,4,10.66.115,39399,54,10.16.249.62,DEM,,,,S
1,2,10.66.245,14643,54,10.16.249.62,DEM,,,,S
1,37,10.66.10,7403,54,10.16.249.62,DEM,,,,S
1,38,10.66.98,21356,54,10.16.249.62,DEM,,,,S
1,41,10.66.92,5029,54,10.16.249.62,DEM,,,,S
1,6,10.66.187,461,54,10.16.249.62,DEM,,,,S
1,36,10.66.34,9299517,55,10.59.255.110,DEM,,,,S
1,41,10.66.92,692201,55,10.59.255.110,DEM,,,,S
6,46,10.78.175,14848,55,10.59.255.110,DEM,,,,S
0,7,10.59.174,595740,56,10.46.24.248,DEM,,,,S
0,1,10.59.21,93670,56,10.46.24.248,DEM,,,,S
0,77,10.59.253,867,56,10.46.24.248,DEM,,,,S
0,0,10.59.212,678,56,10.46.24.248,DEM,,,,S
0,14,10.59.45,600077,57,10.34.143.65,DEM,,,,S
0,1,10.59.21,56396,57,10.34.143.65,DEM,,,,S
0,77,10.59.253,0,57,10.34.143.65,DEM,,,,S
0,0,10.59.212,512,57,10.34.143.65,DEM,,,,S
0,19,10.59.223,19281620,58,10.41.141.77,DEM,,,,S
0,19,10.59.223,19095196,59,10.41.141.51,DEM,,,,S
0,14,10.59.45,523530,60,10.28.196.177,DEM,,,,S
0,1,10.59.21,86234,60,10.28.196.177,DEM,,,,S
0,77,10.59.253,0,60,10.28.196.177,DEM,,,,S
0,0,10.59.212,422,60,10.28.196.177,DEM,,,,S
0,19,10.59.223,17097251,61,10.41.141.181,DEM,,,,S
0,19,10.59.223,17368815,62,10.41.141.9,DEM,,,,S
0,19,10.59.223,17493105,63,10.41.141.163,DEM,,,,S
0,7,10.59.174,532440,64,10.59.174.4,DEM,,,,S
1,67,10.66.63,31710,64,10.59.174.4,DEM,,,,S
0,52,10.59.179,70857,65,10.45.91.75,DEM,,,,S
0,0,10.59.212,192455400,66,10.59.137.187,DEM,,,,S
0,1,10.59.21,15807788,66,10.59.137.187,DEM,,,,S
1,36,10.66.34,899442,66,10.59.137.187,DEM,,,,S
1,89,10.66.73,28417,66,10.59.137.187,DEM,,,,S
0,19,10.59.223,4252,66,10.59.137.187,DEM,,,,S
8,45,10.86.185,787924,67,10.59.81.227,DEM,,,,S
1,35,10.66.95,1040784,67,10.59.81.227,DEM,,,,S
1,119,10.66.204,26130,67,10.59.81.227,DEM,,,,S
1,95,10.66.207,1547557,67,10.59.81.227,DEM,,,,S
6,46,10.78.175,2662726,67,10.59.81.227,DEM,,,,S
4,13,10.97.171,81874,67,10.59.81.227,DEM,,,,S
16,152,10.95.185,883767,67,10.59.81.227,DEM,,,,S
1,39,10.66.0,576002,67,10.59.81.227,DEM,,,,S
6,108,10.78.55,1089242,67,10.59.81.227,DEM,,,,S
1,8,10.66.146,143173,67,10.59.81.227,DEM,,,,S
1,6,10.66.187,284734,67,10.59.81.227,DEM,,,,S
9,50,10.93.0,102436,67,10.59.81.227,DEM,,,,S
1,127,10.66.120,2640160,67,10.59.81.227,DEM,,,,S
1,109,10.66.99,3792143,67,10.59.81.227,DEM,,,,S
6,188,10.78.57,41073,67,10.59.81.227,DEM,,,,S
1,11,10.66.148,87270,67,10.59.81.227,DEM,,,,S
14,100,10.85.131,1450526,67,10.59.81.227,DEM,,,,S
1,29,10.66.185,106809,67,10.59.81.227,DEM,,,,S
1,28,10.66.249,150224,67,10.59.81.227,DEM,,,,S
1,131,10.66.78,201633,67,10.59.81.227,DEM,,,,S
16,160,10.95.112,3138,67,10.59.81.227,DEM,,,,S
5,17,10.84.4,2063698,67,10.59.81.227,DEM,,,,S
17,168,10.96.167,481998,67,10.59.81.227,DEM,,,,S
1,36,10.66.34,252009,67,10.59.81.227,DEM,,,,S
1,67,10.66.63,57844,67,10.59.81.227,DEM,,,,S
1,4,10.66.115,174869,67,10.59.81.227,DEM,,,,S
1,92,10.66.141,5154,67,10.59.81.227,DEM,,,,S
4,76,10.97.195,22229,67,10.59.81.227,DEM,,,,S
1,113,10.66.54,238334,67,10.59.81.227,DEM,,,,S
1,20,10.66.167,937267,67,10.59.81.227,DEM,,,,S
9,79,10.93.31,17493,67,10.59.81.227,DEM,,,,S
1,38,10.66.98,1197,67,10.59.81.227,DEM,,,,S
1,30,10.66.18,325794,67,10.59.81.227,DEM,,,,S
6,49,10.78.244,194744,67,10.59.81.227,DEM,,,,S
16,167,10.95.128,136027,67,10.59.81.227,DEM,,,,S
1,136,10.66.64,280880,67,10.59.81.227,DEM,,,,S
14,164,10.85.99,117910,67,10.59.81.227,DEM,,,,S
1,37,10.66.10,3260,67,10.59.81.227,DEM,,,,S
1,9,10.66.4,383923,67,10.59.81.227,DEM,,,,S
1,41,10.66.92,110286,67,10.59.81.227,DEM,,,,S
1,65,10.66.112,1186,67,10.59.81.227,DEM,,,,S
1,148,10.66.56,708217,67,10.59.81.227,DEM,,,,S
1,208,10.66.110,3252,67,10.59.81.227,DEM,,,,S
1,66,10.66.85,6609,67,10.59.81.227,DEM,,,,S
6,26,10.78.46,32847,67,10.59.81.227,DEM,,,,S
1,18,10.66.131,186301,67,10.59.81.227,DEM,,,,S
12,75,10.91.115,48455,67,10.59.81.227,DEM,,,,S
1,101,10.66.86,3687,67,10.59.81.227,DEM,,,,S
1,21,10.66.26,105525,67,10.59.81.227,DEM,,,,S
12,129,10.91.31,262535,67,10.59.81.227,DEM,,,,S
2,43,10.73.26,167921,67,10.59.81.227,DEM,,,,S
0,24,10.59.137,375104,68,10.30.172.236,DEM,,,,S
0,1,10.59.21,351765,68,10.30.172.236,DEM,,,,S
1,6,10.66.187,804,68,10.30.172.236,DEM,,,,S
1,41,10.66.92,255,68,10.30.172.236,DEM,,,,S
0,0,10.59.212,161,68,10.30.172.236,DEM,,,,S
0,14,10.59.45,373589,69,10.46.207.253,DEM,,,,S
0,1,10.59.21,25869,69,10.46.207.253,DEM,,,,S
0,14,10.59.45,373989,70,10.42.99.20,DEM,,,,S
0,1,10.59.21,12223,70,10.42.99.20,DEM,,,,S
0,0,10.59.212,447,70,10.42.99.20,DEM,,,,S
0,23,10.59.231,21,70,10.42.99.20,DEM,,,,S
1,2,10.66.245,18142,71,10.99.216.132,DEM,,,,S
1,38,10.66.98,63292,71,10.99.216.132,DEM,,,,S
1,113,10.66.54,54375,71,10.99.216.132,DEM,,,,S
13,98,220.181.158,313115,71,10.99.216.132,DEM,,,,S
1,73,10.66.208,146572,71,10.99.216.132,DEM,,,,S
1,67,10.66.63,30825,71,10.99.216.132,DEM,,,,S
1,154,10.66.43,3804,71,10.99.216.132,DEM,,,,S
1,159,10.66.213,12963,71,10.99.216.132,DEM,,,,S
1,11,10.66.148,95461,71,10.99.216.132,DEM,,,,S
6,26,10.78.46,107180,71,10.99.216.132,DEM,,,,S
1,30,10.66.18,89894,71,10.99.216.132,DEM,,,,S
1,8,10.66.146,31464,71,10.99.216.132,DEM,,,,S
1,28,10.66.249,16879,71,10.99.216.132,DEM,,,,S
1,18,10.66.131,778705,71,10.99.216.132,DEM,,,,S
1,95,10.66.207,70526,71,10.99.216.132,DEM,,,,S
1,6,10.66.187,92327,71,10.99.216.132,DEM,,,,S
1,36,10.66.34,92319,71,10.99.216.132,DEM,,,,S
1,65,10.66.112,10203,71,10.99.216.132,DEM,,,,S
1,16,10.66.142,90537,71,10.99.216.132,DEM,,,,S
1,35,10.66.95,151841,71,10.99.216.132,DEM,,,,S
1,39,10.66.0,43025,71,10.99.216.132,DEM,,,,S
6,108,10.78.55,147269,71,10.99.216.132,DEM,,,,S
1,21,10.66.26,100129,71,10.99.216.132,DEM,,,,S
1,41,10.66.92,90809,71,10.99.216.132,DEM,,,,S
1,37,10.66.10,73033,71,10.99.216.132,DEM,,,,S
1,20,10.66.167,139782,71,10.99.216.132,DEM,,,,S
1,53,10.66.12,46283,71,10.99.216.132,DEM,,,,S
1,153,10.66.190,12226,71,10.99.216.132,DEM,,,,S
1,4,10.66.115,176011,71,10.99.216.132,DEM,,,,S
1,63,10.66.21,153904,71,10.99.216.132,DEM,,,,S
1,9,10.66.4,90223,71,10.99.216.132,DEM,,,,S
1,47,10.66.232,20282,71,10.99.216.132,DEM,,,,S
1,44,10.66.47,45213,71,10.99.216.132,DEM,,,,S
1,5,10.66.36,17680,71,10.99.216.132,DEM,,,,S
1,101,10.66.86,17115,71,10.99.216.132,DEM,,,,S
1,109,10.66.99,8631,71,10.99.216.132,DEM,,,,S
1,31,10.66.38,18529,71,10.99.216.132,DEM,,,,S
1,90,10.66.174,2057,71,10.99.216.132,DEM,,,,S
1,92,10.66.141,7194,71,10.99.216.132,DEM,,,,S
1,148,10.66.56,10270,71,10.99.216.132,DEM,,,,S
1,94,10.66.230,94158,71,10.99.216.132,DEM,,,,S
1,29,10.66.185,142277,71,10.99.216.132,DEM,,,,S
18,193,111.206.53,45358,71,10.99.216.132,DEM,,,,S
19,196,123.125.74,943213,71,10.99.216.132,DEM,,,,S
6,198,10.78.88,2553,71,10.99.216.132,DEM,,,,S
1,106,10.66.191,20911,71,10.99.216.132,DEM,,,,S
0,187,10.59.81,36841,71,10.99.216.132,DEM,,,,S
1,66,10.66.85,6377,71,10.99.216.132,DEM,,,,S
1,81,10.66.70,4265,71,10.99.216.132,DEM,,,,S
1,89,10.66.73,3835,71,10.99.216.132,DEM,,,,S
1,119,10.66.204,8305,71,10.99.216.132,DEM,,,,S
1,161,10.66.27,5689,71,10.99.216.132,DEM,,,,S
1,127,10.66.120,18370,71,10.99.216.132,DEM,,,,S
1,80,10.66.193,6344,71,10.99.216.132,DEM,,,,S
1,157,10.66.60,14974,71,10.99.216.132,DEM,,,,S
1,132,10.66.202,474,71,10.99.216.132,DEM,,,,S
1,88,10.66.168,3588,71,10.99.216.132,DEM,,,,S
0,240,10.59.148,97241,71,10.99.216.132,DEM,,,,S
6,188,10.78.57,2721,71,10.99.216.132,DEM,,,,S
1,121,10.66.82,5931,71,10.99.216.132,DEM,,,,S
1,138,10.66.28,13182,71,10.99.216.132,DEM,,,,S
1,71,10.66.176,0,71,10.99.216.132,DEM,,,,S
1,51,10.66.250,2797,71,10.99.216.132,DEM,,,,S
1,208,10.66.110,131,71,10.99.216.132,DEM,,,,S
1,151,10.66.157,280,71,10.99.216.132,DEM,,,,S
0,19,10.59.223,12939339,72,10.31.68.144,DEM,,,,S
1,47,10.66.232,200621,73,10.41.18.35,DEM,,,,S
1,11,10.66.148,581022,73,10.41.18.35,DEM,,,,S
1,2,10.66.245,375370,73,10.41.18.35,DEM,,,,S
1,20,10.66.167,53208,73,10.41.18.35,DEM,,,,S
1,31,10.66.38,24673,73,10.41.18.35,DEM,,,,S
1,104,10.66.233,4874,73,10.41.18.35,DEM,,,,S
1,4,10.66.115,6463,73,10.41.18.35,DEM,,,,S
1,70,10.66.30,3980,73,10.41.18.35,DEM,,,,S
1,148,10.66.56,9773,73,10.41.18.35,DEM,,,,S
1,41,10.66.92,39462,73,10.41.18.35,DEM,,,,S
1,9,10.66.4,399,73,10.41.18.35,DEM,,,,S
0,19,10.59.223,12239961,74,10.31.68.9,DEM,,,,S
0,19,10.59.223,12162232,75,10.31.68.27,DEM,,,,S
0,19,10.59.223,11310178,76,10.31.68.77,DEM,,,,S
0,19,10.59.223,10439572,77,10.31.68.107,DEM,,,,S
0,19,10.59.223,11620364,78,10.31.68.242,DEM,,,,S
0,19,10.59.223,11610997,79,10.31.68.103,DEM,,,,S
0,0,10.59.212,3870501,80,10.59.137.52,DEM,,,,S
0,1,10.59.21,837365,80,10.59.137.52,DEM,,,,S
6,26,10.78.46,5637,80,10.59.137.52,DEM,,,,S
5,17,10.84.4,206754,80,10.59.137.52,DEM,,,,S
0,23,10.59.231,237,80,10.59.137.52,DEM,,,,S
1,9,10.66.4,234983,80,10.59.137.52,DEM,,,,S
1,36,10.66.34,338065,80,10.59.137.52,DEM,,,,S
1,15,10.66.162,268975,81,10.59.126.199,DEM,,,,S
1,143,10.66.150,11688188,81,10.59.126.199,DEM,,,,S
1,5,10.66.36,310328,81,10.59.126.199,DEM,,,,S
6,26,10.78.46,243,81,10.59.126.199,DEM,,,,S
1,63,10.66.21,1748,81,10.59.126.199,DEM,,,,S
0,19,10.59.223,9220595,82,10.32.170.99,DEM,,,,S
0,1,10.59.21,816313,82,10.32.170.99,DEM,,,,S
0,0,10.59.212,286,82,10.32.170.99,DEM,,,,S
0,1,10.59.21,3102030,83,10.41.153.124,DEM,,,,S
1,212,10.66.106,85280,83,10.41.153.124,DEM,,,,S
0,23,10.59.231,21,83,10.41.153.124,DEM,,,,S
0,77,10.59.253,157215,84,10.62.35.233,DEM,,,,S
0,23,10.59.231,2113440,84,10.62.35.233,DEM,,,,S
0,1,10.59.21,9842939,84,10.62.35.233,DEM,,,,S
0,19,10.59.223,8653036,85,10.37.125.90,DEM,,,,S
0,19,10.59.223,7315444,86,10.37.125.187,DEM,,,,S
0,19,10.59.223,6927848,87,10.34.38.92,DEM,,,,S
0,19,10.59.223,7258637,88,10.34.38.202,DEM,,,,S
0,19,10.59.223,6340123,89,10.28.15.69,DEM,,,,S
3,25,10.64.34,126730,90,10.64.181.197,DEM,,,,S
3,10,10.64.126,12709,90,10.64.181.197,DEM,,,,S
3,96,10.64.180,510,90,10.64.181.197,DEM,,,,S
3,158,10.64.81,25325,90,10.64.181.197,DEM,,,,S
3,102,10.64.55,10967,90,10.64.181.197,DEM,,,,S
3,107,10.64.251,2660,90,10.64.181.197,DEM,,,,S
3,91,10.64.20,6080,90,10.64.181.197,DEM,,,,S
3,85,10.64.24,1448,90,10.64.181.197,DEM,,,,S
3,155,10.64.58,4860,90,10.64.181.197,DEM,,,,S
3,134,10.64.207,0,90,10.64.181.197,DEM,,,,S
3,72,10.64.148,2316,90,10.64.181.197,DEM,,,,S
3,142,10.64.22,1638,90,10.64.181.197,DEM,,,,S
3,117,10.64.208,1140,90,10.64.181.197,DEM,,,,S
3,166,10.64.88,380,90,10.64.181.197,DEM,,,,S
1,11,10.66.148,180628,91,10.59.81.153,DEM,,,,S
1,41,10.66.92,230999,91,10.59.81.153,DEM,,,,S
6,26,10.78.46,140033,91,10.59.81.153,DEM,,,,S
1,135,10.66.252,12400,91,10.59.81.153,DEM,,,,S
1,170,10.66.222,68498,91,10.59.81.153,DEM,,,,S
6,49,10.78.244,28139,91,10.59.81.153,DEM,,,,S
1,73,10.66.208,150981,91,10.59.81.153,DEM,,,,S
6,46,10.78.175,31516,91,10.59.81.153,DEM,,,,S
1,35,10.66.95,22306,91,10.59.81.153,DEM,,,,S
1,95,10.66.207,7501,91,10.59.81.153,DEM,,,,S
1,113,10.66.54,11284,91,10.59.81.153,DEM,,,,S
14,100,10.85.131,625343,91,10.59.81.153,DEM,,,,S
1,47,10.66.232,3777,91,10.59.81.153,DEM,,,,S
1,109,10.66.99,24919,91,10.59.81.153,DEM,,,,S
4,13,10.97.171,1213696,91,10.59.81.153,DEM,,,,S
5,17,10.84.4,6281,91,10.59.81.153,DEM,,,,S
4,76,10.97.195,2590,91,10.59.81.153,DEM,,,,S
0,19,10.59.223,6197342,92,10.34.38.206,DEM,,,,S
0,52,10.59.179,33005,93,10.41.242.118,DEM,,,,S
0,12,10.59.207,952456,94,10.37.68.64,DEM,,,,S
0,19,10.59.223,6189749,95,10.28.15.63,DEM,,,,S
0,19,10.59.223,6031215,96,10.28.15.95,DEM,,,,S
0,19,10.59.223,5724659,97,10.37.125.13,DEM,,,,S
0,1,10.59.21,19200,98,10.41.80.139,DEM,,,,S
0,14,10.59.45,849756,98,10.41.80.139,DEM,,,,S
0,77,10.59.253,0,98,10.41.80.139,DEM,,,,S
0,0,10.59.212,346,98,10.41.80.139,DEM,,,,S
0,23,10.59.231,21,98,10.41.80.139,DEM,,,,S
0,19,10.59.223,5633732,99,10.28.15.22,DEM,,,,S
2,93,10.73.244,149347801,100,10.73.244.80,DEM,,,,S
0,7,10.59.174,82100524,101,10.42.244.94,DEM,,,,S
0,110,10.59.181,1904,101,10.42.244.94,DEM,,,,S
2,93,10.73.244,39529,101,10.42.244.94,DEM,,,,S
0,77,10.59.253,2344,101,10.42.244.94,DEM,,,,S
1,73,10.66.208,63962279,102,10.19.66.219,DEM,,,,S
0,110,10.59.181,152040,103,10.59.180.205,DEM,,,,S
2,115,10.73.55,51424652,103,10.59.180.205,DEM,,,,S
0,19,10.59.223,50118725,104,10.59.137.214,DEM,,,,S
0,19,10.59.223,43840796,105,10.59.137.117,DEM,,,,S
0,19,10.59.223,500774,106,10.59.223.142,DEM,,,,S
0,1,10.59.21,37588706,106,10.59.223.142,DEM,,,,S
0,56,10.59.255,27875229,107,10.76.90.35,DEM,,,,S
1,41,10.66.92,25902391,108,10.59.137.235,DEM,,,,S
0,1,10.59.21,10449,109,10.17.181.141,DEM,,,,S
0,19,10.59.223,24281189,109,10.17.181.141,DEM,,,,S
0,0,10.59.212,900,109,10.17.181.141,DEM,,,,S
0,23,10.59.231,82,109,10.17.181.141,DEM,,,,S
0,64,10.59.22,258524,110,10.45.32.237,DEM,,,,S
0,0,10.59.212,23785516,110,10.45.32.237,DEM,,,,S
1,38,10.66.98,21171382,111,10.24.53.124,DEM,,,,S
0,7,10.59.174,386342,111,10.24.53.124,DEM,,,,S
1,44,10.66.47,62161,111,10.24.53.124,DEM,,,,S
1,41,10.66.92,291557,112,10.59.137.72,DEM,,,,S
0,0,10.59.212,284011,112,10.59.137.72,DEM,,,,S
0,1,10.59.21,619569,112,10.59.137.72,DEM,,,,S
1,80,10.66.193,9210,112,10.59.137.72,DEM,,,,S
0,24,10.59.137,2284,112,10.59.137.72,DEM,,,,S
1,9,10.66.4,3456,112,10.59.137.72,DEM,,,,S
1,8,10.66.146,20341044,112,10.59.137.72,DEM,,,,S
6,46,10.78.175,21676,112,10.59.137.72,DEM,,,,S
1,8,10.66.146,19761618,113,10.66.146.208,DEM,,,,S
1,104,10.66.233,17586835,114,10.66.233.170,DEM,,,,S
0,74,10.59.126,17542129,115,10.59.126.220,DEM,,,,S
1,5,10.66.36,0,115,10.59.126.220,DEM,,,,S
0,0,10.59.212,3420659,116,10.59.126.7,DEM,,,,S
1,36,10.66.34,5981726,116,10.59.126.7,DEM,,,,S
0,1,10.59.21,4304346,116,10.59.126.7,DEM,,,,S
0,23,10.59.231,0,116,10.59.126.7,DEM,,,,S
6,26,10.78.46,89017,117,10.59.253.102,DEM,,,,S
1,101,10.66.86,541748,117,10.59.253.102,DEM,,,,S
1,4,10.66.115,176292,117,10.59.253.102,DEM,,,,S
1,36,10.66.34,0,117,10.59.253.102,DEM,,,,S
6,46,10.78.175,2997245,117,10.59.253.102,DEM,,,,S
1,6,10.66.187,807997,117,10.59.253.102,DEM,,,,S
4,13,10.97.171,1657301,117,10.59.253.102,DEM,,,,S
1,119,10.66.204,1367584,117,10.59.253.102,DEM,,,,S
1,11,10.66.148,561,117,10.59.253.102,DEM,,,,S
1,109,10.66.99,0,117,10.59.253.102,DEM,,,,S
1,20,10.66.167,846439,117,10.59.253.102,DEM,,,,S
1,9,10.66.4,183654,117,10.59.253.102,DEM,,,,S
1,21,10.66.26,1622245,117,10.59.253.102,DEM,,,,S
1,80,10.66.193,986,117,10.59.253.102,DEM,,,,S
10,59,10.94.131,36403,117,10.59.253.102,DEM,,,,S
1,66,10.66.85,858,117,10.59.253.102,DEM,,,,S
11,137,10.92.21,46150,117,10.59.253.102,DEM,,,,S
8,45,10.86.185,502,117,10.59.253.102,DEM,,,,S
14,100,10.85.131,46859,117,10.59.253.102,DEM,,,,S
1,63,10.66.21,6063,117,10.59.253.102,DEM,,,,S
1,127,10.66.120,249693,117,10.59.253.102,DEM,,,,S
1,5,10.66.36,626350,117,10.59.253.102,DEM,,,,S
1,30,10.66.18,355353,117,10.59.253.102,DEM,,,,S
1,113,10.66.54,42555,117,10.59.253.102,DEM,,,,S
12,129,10.91.31,245834,117,10.59.253.102,DEM,,,,S
1,162,10.66.179,1149235,117,10.59.253.102,DEM,,,,S
1,44,10.66.47,0,117,10.59.253.102,DEM,,,,S
16,160,10.95.112,0,117,10.59.253.102,DEM,,,,S
1,63,10.66.21,1426566,118,10.59.180.143,DEM,,,,S
1,73,10.66.208,3735922,118,10.59.180.143,DEM,,,,S
1,5,10.66.36,7610868,118,10.59.180.143,DEM,,,,S
1,119,10.66.204,12623237,119,10.59.223.221,DEM,,,,S
6,108,10.78.55,1820,119,10.59.223.221,DEM,,,,S
0,77,10.59.253,12161082,120,10.59.20.203,DEM,,,,S
0,77,10.59.253,11717253,121,10.59.20.39,DEM,,,,S
0,77,10.59.253,11467798,122,10.59.20.74,DEM,,,,S
0,77,10.59.253,11175941,123,10.59.20.92,DEM,,,,S
0,77,10.59.253,10994419,124,10.59.20.136,DEM,,,,S
0,77,10.59.253,10483500,125,10.59.20.51,DEM,,,,S
6,46,10.78.175,2177612,126,10.59.253.115,DEM,,,,S
1,5,10.66.36,593565,126,10.59.253.115,DEM,,,,S
1,6,10.66.187,207863,126,10.59.253.115,DEM,,,,S
1,41,10.66.92,1204,126,10.59.253.115,DEM,,,,S
1,44,10.66.47,895,126,10.59.253.115,DEM,,,,S
1,11,10.66.148,88584,126,10.59.253.115,DEM,,,,S
1,119,10.66.204,137476,126,10.59.253.115,DEM,,,,S
1,2,10.66.245,558685,126,10.59.253.115,DEM,,,,S
1,20,10.66.167,322069,126,10.59.253.115,DEM,,,,S
4,76,10.97.195,500092,126,10.59.253.115,DEM,,,,S
6,108,10.78.55,1000060,126,10.59.253.115,DEM,,,,S
1,154,10.66.43,69689,126,10.59.253.115,DEM,,,,S
1,161,10.66.27,345059,126,10.59.253.115,DEM,,,,S
1,95,10.66.207,319175,126,10.59.253.115,DEM,,,,S
1,18,10.66.131,485825,126,10.59.253.115,DEM,,,,S
1,36,10.66.34,120019,126,10.59.253.115,DEM,,,,S
1,8,10.66.146,15365,126,10.59.253.115,DEM,,,,S
6,26,10.78.46,422444,126,10.59.253.115,DEM,,,,S
1,67,10.66.63,2490105,126,10.59.253.115,DEM,,,,S
1,30,10.66.18,0,126,10.59.253.115,DEM,,,,S
1,35,10.66.95,179,126,10.59.253.115,DEM,,,,S
1,4,10.66.115,153108,126,10.59.253.115,DEM,,,,S
1,113,10.66.54,0,126,10.59.253.115,DEM,,,,S
1,39,10.66.0,0,126,10.59.253.115,DEM,,,,S
1,109,10.66.99,198119,126,10.59.253.115,DEM,,,,S
1,73,10.66.208,0,126,10.59.253.115,DEM,,,,S
6,49,10.78.244,7171,126,10.59.253.115,DEM,,,,S
1,9,10.66.4,902,126,10.59.253.115,DEM,,,,S
0,19,10.59.223,6062241,127,10.59.88.194,DEM,,,,S
1,8,10.66.146,1463239,127,10.59.88.194,DEM,,,,S
10,203,10.94.146,1442537,127,10.59.88.194,DEM,,,,S
1,9,10.66.4,667318,127,10.59.88.194,DEM,,,,S
1,51,10.66.250,73524,127,10.59.88.194,DEM,,,,S
6,26,10.78.46,27362,127,10.59.88.194,DEM,,,,S
1,36,10.66.34,23083,127,10.59.88.194,DEM,,,,S
0,24,10.59.137,16241,127,10.59.88.194,DEM,,,,S
0,77,10.59.253,9757856,128,10.59.20.191,DEM,,,,S
0,77,10.59.253,9470681,129,10.59.20.14,DEM,,,,S
6,46,10.78.175,1804805,130,10.59.253.128,DEM,,,,S
1,131,10.66.78,12855,130,10.59.253.128,DEM,,,,S
1,20,10.66.167,0,130,10.59.253.128,DEM,,,,S
1,95,10.66.207,275636,130,10.59.253.128,DEM,,,,S
1,92,10.66.141,0,130,10.59.253.128,DEM,,,,S
4,13,10.97.171,91275,130,10.59.253.128,DEM,,,,S
1,94,10.66.230,251830,130,10.59.253.128,DEM,,,,S
1,119,10.66.204,23461,130,10.59.253.128,DEM,,,,S
2,43,10.73.26,26011,130,10.59.253.128,DEM,,,,S
1,73,10.66.208,9269,130,10.59.253.128,DEM,,,,S
1,4,10.66.115,10634,130,10.59.253.128,DEM,,,,S
1,35,10.66.95,0,130,10.59.253.128,DEM,,,,S
1,113,10.66.54,552724,130,10.59.253.128,DEM,,,,S
1,8,10.66.146,1369,130,10.59.253.128,DEM,,,,S
1,116,10.66.68,271407,130,10.59.253.128,DEM,,,,S
1,44,10.66.47,247523,130,10.59.253.128,DEM,,,,S
1,30,10.66.18,301886,130,10.59.253.128,DEM,,,,S
1,11,10.66.148,106943,130,10.59.253.128,DEM,,,,S
1,6,10.66.187,306887,130,10.59.253.128,DEM,,,,S
1,37,10.66.10,1359,130,10.59.253.128,DEM,,,,S
1,28,10.66.249,0,130,10.59.253.128,DEM,,,,S
1,70,10.66.30,250298,130,10.59.253.128,DEM,,,,S
6,49,10.78.244,254707,130,10.59.253.128,DEM,,,,S
1,2,10.66.245,98474,130,10.59.253.128,DEM,,,,S
14,120,10.85.115,338368,130,10.59.253.128,DEM,,,,S
1,63,10.66.21,6189,130,10.59.253.128,DEM,,,,S
10,99,10.94.18,164665,130,10.59.253.128,DEM,,,,S
1,127,10.66.120,0,130,10.59.253.128,DEM,,,,S
1,18,10.66.131,265135,130,10.59.253.128,DEM,,,,S
1,36,10.66.34,0,130,10.59.253.128,DEM,,,,S
14,122,10.85.54,106418,130,10.59.253.128,DEM,,,,S
4,76,10.97.195,1208275,130,10.59.253.128,DEM,,,,S
1,5,10.66.36,485876,130,10.59.253.128,DEM,,,,S
1,47,10.66.232,87494,130,10.59.253.128,DEM,,,,S
1,41,10.66.92,37820,130,10.59.253.128,DEM,,,,S
6,198,10.78.88,4951,130,10.59.253.128,DEM,,,,S
1,39,10.66.0,375439,130,10.59.253.128,DEM,,,,S
12,129,10.91.31,2760,130,10.59.253.128,DEM,,,,S
14,100,10.85.131,252154,130,10.59.253.128,DEM,,,,S
0,114,10.59.36,8139011,131,10.59.216.118,DEM,,,,S
1,109,10.66.99,5052708,132,10.59.81.129,DEM,,,,S
0,0,10.59.212,96034,132,10.59.81.129,DEM,,,,S
1,87,10.66.1,0,132,10.59.81.129,DEM,,,,S
1,20,10.66.167,0,132,10.59.81.129,DEM,,,,S
1,35,10.66.95,653693,132,10.59.81.129,DEM,,,,S
1,29,10.66.185,958794,132,10.59.81.129,DEM,,,,S
1,6,10.66.187,14787,132,10.59.81.129,DEM,,,,S
1,80,10.66.193,0,132,10.59.81.129,DEM,,,,S
1,8,10.66.146,0,132,10.59.81.129,DEM,,,,S
1,89,10.66.73,967362,132,10.59.81.129,DEM,,,,S
1,2,10.66.245,0,132,10.59.81.129,DEM,,,,S
0,114,10.59.36,7549500,133,10.59.81.157,DEM,,,,S
1,9,10.66.4,5001250,134,10.14.141.122,DEM,,,,S
1,37,10.66.10,2391439,134,10.14.141.122,DEM,,,,S
1,95,10.66.207,76316,134,10.14.141.122,DEM,,,,S
0,114,10.59.36,7367814,135,10.59.81.121,DEM,,,,S
0,12,10.59.207,2959881,136,10.59.58.228,DEM,,,,S
0,14,10.59.45,3820056,136,10.59.58.228,DEM,,,,S
1,2,10.66.245,61631,136,10.59.58.228,DEM,,,,S
14,254,10.85.254,8017,136,10.59.58.228,DEM,,,,S
1,97,10.66.129,2502100,137,10.94.216.145,DEM,,,,S
1,153,10.66.190,3782138,137,10.94.216.145,DEM,,,,S
0,1,10.59.21,6231569,138,10.65.221.124,DEM,,,,S
0,23,10.59.231,0,138,10.65.221.124,DEM,,,,S
1,47,10.66.232,48180,138,10.65.221.124,DEM,,,,S
0,1,10.59.21,21350,139,10.41.56.60,DEM,,,,S
1,41,10.66.92,6059483,139,10.41.56.60,DEM,,,,S
1,4,10.66.115,0,139,10.41.56.60,DEM,,,,S
1,2,10.66.245,72704,139,10.41.56.60,DEM,,,,S
0,23,10.59.231,21,139,10.41.56.60,DEM,,,,S
0,19,10.59.223,5886145,140,10.28.15.140,DEM,,,,S
0,0,10.59.212,119412,141,10.59.137.248,DEM,,,,S
1,41,10.66.92,640224,141,10.59.137.248,DEM,,,,S
0,23,10.59.231,21,141,10.59.137.248,DEM,,,,S
0,1,10.59.21,5082,141,10.59.137.248,DEM,,,,S
1,8,10.66.146,0,141,10.59.137.248,DEM,,,,S
1,80,10.66.193,4958420,141,10.59.137.248,DEM,,,,S
1,20,10.66.167,4919105,142,10.59.240.194,DEM,,,,S
11,69,10.92.167,331167,142,10.59.240.194,DEM,,,,S
1,73,10.66.208,165886,142,10.59.240.194,DEM,,,,S